{
  "Column_0": 86514.06236523925,
  "Column_1": 3704.0832403467402,
  "Column_2": 1190.3129055664208,
  "Column_3": 11994.6406434106,
  "Column_4": 20707.388758687455,
  "Column_5": 10832.251539559129,
  "Column_6": 480.9830097879312,
  "Column_7": 10345.528869986152,
  "Column_8": 9993.576969113978,
  "Column_9": 9770.899886153711,
  "Column_10": 4124.652655297419,
  "Column_11": 6388.938126237728,
  "Column_12": 324.8395835161209,
  "Column_13": 8999.560858015622,
  "Column_14": 1680.3517130533874,
  "Column_15": 12200.43187896811,
  "Column_16": 4264.235169521526,
  "Column_17": 426.2117730713435,
  "Column_18": 8005.940640275166,
  "Column_19": 17.51609992980957,
  "Column_20": 2684.5210212119273,
  "Column_21": 1261.3907522827285,
  "Column_22": 4985.223644290783,
  "Column_23": 3880.273127563957,
  "Column_24": 452.6834467788758
}